{"cameraMode":{"drawMode":0,"name":"Shaded","section":"Shading Mode"},"sceneLighting":false,"audioPlay":false,"sceneViewState":{"m_AlwaysRefresh":false,"showFog":true,"showSkybox":false,"showFlares":true,"showImageEffects":true,"showParticleSystems":true,"showVisualEffectGraphs":true,"m_FxEnabled":true},"in2DMode":false,"pivot":{"x":0.9225872159004211,"y":0.1070677861571312,"z":-0.9785064458847046},"rotation":{"x":0.21865466237068177,"y":-0.023416677489876748,"z":0.005248722154647112,"w":0.9755073189735413},"size":0.15831421315670014,"orthographic":false}