{"cameraMode":{"drawMode":0,"name":"Shaded","section":"Shading Mode"},"sceneLighting":false,"audioPlay":false,"sceneViewState":{"m_AlwaysRefresh":false,"showFog":true,"showSkybox":false,"showFlares":true,"showImageEffects":true,"showParticleSystems":true,"showVisualEffectGraphs":true,"m_FxEnabled":true},"in2DMode":false,"pivot":{"x":0.9309999942779541,"y":0.17499999701976777,"z":-0.9459999799728394},"rotation":{"x":0.2507897913455963,"y":-0.00580868823453784,"z":0.0015047864289954305,"w":0.9680251479148865},"size":0.12990383803844453,"orthographic":false}